<?xml version = "1.0" encoding = "UTF-8"?>
<BookStore xmlns = "http://www.example.com/xsd/books" xmlns:xsi = "http://www.w3.org/2001/XMLSchema-instance" xsi:schemaLocation = "http://www.example.com/xsd/books Books.xsd">        
	<Book>                
		<Title>My Life and Times</Title>                
		<Author>Paul McCartney</Author>                
		<Date>1998</Date>                
		<ISBN>1-56592-235-2</ISBN>                
		<Publisher>McMillin Publishing</Publisher>        
	</Book>        
	<Book>                
		<Title>Illusions The Adventures of a Reluctant Messiah</Title>                
		<Author>Richard Bach</Author>                
		<Date>1977</Date>                
		<ISBN>0-440-34319-4</ISBN>                
		<Publisher>Dell Publishing Co.</Publisher>        
	</Book>        
	<Book>                
		<Title>The sky is falling</Title>                
		<Author>Sidney Sheldon</Author>                
		<Date>2000</Date>                
		<ISBN>0-00-064333-7</ISBN>                
		<Publisher>Harper &amp; Row</Publisher>        
	</Book> 	  
	<Book>                
		<Title>The Power of Now</Title>                
		<Author>Vivek Ranadive</Author>                
		<Date>1999</Date>                
		<ISBN>0-06-566778-9</ISBN>                
		<Publisher>Tibco Software Inc</Publisher>        
	</Book>  
	<Book>                
		<Title>The First and Last Freedom</Title>                
		<Author>J. Krishnamurti</Author>                
		<Date>1954</Date>                
		<ISBN>0-06-064831-7</ISBN>                
		<Publisher>Harper &amp; Row</Publisher>        
	</Book>  
	<Book>                
		<Title>The Last and Last Freedom</Title>                
		<Author>J. Krishnamurti</Author>                
		<Date>1958</Date>                
		<ISBN>0-07-064831-7</ISBN>                
		<Publisher>Harper &amp; Row</Publisher>        
	</Book>
</BookStore>